,HL Units,loss,Velocity_X_loss,Velocity_Y_loss,Velocity_X_rmse,Velocity_Y_rmse
0,0.09519170224666595,0.09519170224666595,0.049384791404008865,0.04580691456794739,0.22222690284252167,0.21402549743652344
